{"file:///Users/minhdinh/Documents/Webs/minhdinh.net":{},"file:///D:/dev/web_exported":{"assets/images/hashes.json":"3mq++DJE417W/kFkwhs+xQ==","assets/images/wp-20161017-17-12-02-pro-171x128-99.jpg":"phS0V9KQ3SV3XZbfBBzPtw==","assets/images/portrait-1.svg":"O+TUHd91i0aoH1mVrxEk3w==","assets/images/adobephotoshopexpress-84263845a9e94d9894bc40876b14bc5b-2000x2120-30-2000x2120-72.jpg":"ObKIQK/XR0WpAFwnqTzf5Q==","assets/images/img-20160901-070754-1472688519991-2000x2851-98-2000x2851-39.jpg":"ZGYC16WHgkJWnxJt+ySm7Q==","assets/images/img-20160903-220606-1472915428372-1472982216989-2000x1132-22-2000x1132-78.jpg":"/qweXZ4EN5a9JjVtV/otew==","assets/images/img-20160907-133105-1473230220913-2000x2000-48-2000x2000-11.jpg":"SOg9PypIuD0ddtwvLVbXwA==","assets/images/adobephotoshopexpress-84263845a9e94d9894bc40876b14bc5b-2000x2120-30.jpg":"TvZiVZ7ZfLc/7RQHg4Q5pg==","assets/images/img-20160901-070754-1472688519991-2000x2851-98.jpg":"3siSn0ieX8labU5c7MpqBg==","assets/images/img-20160903-220606-1472915428372-1472982216989-2000x1132-22.jpg":"Y8SE+fCkRkqT7/M1fGBpgg==","assets/images/img-20160907-133105-1473230220913-2000x2000-48.jpg":"yLlHAWFH3j6j26tYTso1+Q==","assets/images/1492114-10204777516431446-1747619871416247941-o-160x160-8.jpg":"b5bL/tkWKq/tL6/2pXqvZA==","assets/images/8240-10154105500180407-5390755780743833455-n-160x160-1.jpg":"UjpmZyxLSdH4AZoeubj0rw==","assets/images/9e2deaac-7217-4abc-b7af-bad8bee2e1d4-160x160-19.jpg":"ZE/GlKkJyV0B8k9OCDoSMg==","assets/images/12764838-1974560586102528-2053610269305377422-o-160x160-47.jpg":"Keq41KJWkoQjEIVLprLYmQ==","assets/images/1629348968973-160x160.jpeg":"omzfepOxSN9Yzapv+I058A==","assets/bootstrap/css/bootstrap.min.css":"NM5JRjudBrjMToddUDgMUQ==","assets/web/assets/bootstrap4-migrate/bootstrap.min.js":"zzSyGYF9aIU1FJ23sY3uIw==","assets/tether/tether.min.css":"YhVaOUjL8Xsb9LQHyQq4Tw==","assets/tether/tether.min.js":"PlC291/0Eo8keLHUT4D9+w==","assets/theme/css/style.css":"2FIw+XTxcTKMwTuVNFg/0w==-VITbTf54ezV7Z7I/e4lZVw==","assets/smooth-scroll/smooth-scroll.js":"SF1dMuHgP67Ujo+zhTkNgQ==","assets/animatecss/animate.min.css":"F4tlGVjO/1VsvF81Xgi78Q==","assets/viewport-checker/jquery.viewportchecker.js":"SUB9oUTiFJgiSL1+0wyWDA==","assets/web/assets/jquery/jquery.min.js":"3F5/GMjTasHT1HU6h8mNCg==","assets/dropdown/css/style.css":"k92jhRBmDtgyQUz6zsrnRQ==","assets/dropdown/js/script.min.js":"XKwdlgq/KqgA8/xiKfaAVw==","assets/touch-swipe/jquery.touch-swipe.min.js":"9g/wVGnRdXmW2F9BctT/TQ==","assets/masonry/masonry.pkgd.min.js":"xU517fXLr0ErwWukFF9gMg==","assets/imagesloaded/imagesloaded.pkgd.min.js":"UR7y9u51Dtwyu1yNXTJOfg==","assets/bootstrap-carousel-swipe/bootstrap-carousel-swipe.js":"1NIoKK0GehKy3z7Pjjpsjw==","assets/mobirise-gallery/player.min.js":"LD8pej9nbqJv1C5dclQ+TQ==","assets/mobirise-gallery/script.js":"y4PBO8cKmZRSsKrSsVMioQ==","assets/mobirise-gallery/style.css":"ufz2FN1k7YSWoNSUyl3TGw==","assets/et-line-font-plugin/fonts/et-line.woff":"/740HzuBdUvv8z8JTH60JQ==","assets/et-line-font-plugin/fonts/et-line.ttf":"2k1+IvRmnH0mUvHtpt7/Nw==","assets/et-line-font-plugin/fonts/et-line.svg":"VpvZCCwVzDD6bgViar3VBQ==","assets/et-line-font-plugin/fonts/et-line.eot":"1QfN4l6dLQ4gTb7ZnmHY2g==","assets/et-line-font-plugin/style.css":"JYAPmZ45pppjHYpgvce3Nw==","assets/formoid/formoid.min.js":"rHUYefD+R2Kvef/YU2OiUw=="}}